All-In-One Workstation Sinks,min_mat,avg_mat,max_mat,min_lab,avg_lab,max_lab,Anchors,Asphalt Crack Filler,Butcher Block,Dewatering Bags,Dryer Vent Caps,Cross Braces,Anti-Fog Mirrors,Bracket,Armstrong Ceilings,Accessories,Base Cap,Bluetooth Speaker,Bathroom Vanities with Tops,Finished,ADA Compliant Toilets,Adhesives,Alloy,1-Hole Faucets,Corner Angles,Corner Beads,Chain Link Fencing,2-n-1 Extension Step Ladders,Fixed,Area Rugs,Attachments,Shower Benches
Bar Sinks,38.25,45.0,54.0,18.0,29.25,40.5,,,,,,,,,,,,,,,,,,,,,,,,,,
Commercial Sinks,38.25,45.0,54.0,18.0,29.25,40.5,,,,,,,,,,,,,,,,,,,,,,,,,,
Composite Sinks,38.25,45.0,54.0,18.0,29.25,40.5,,,,,,,,,,,,,,,,,,,,,,,,,,
Double-Bowl Sinks,38.25,45.0,54.0,18.0,29.25,40.5,,,,,,,,,,,,,,,,,,,,,,,,,,
Drop-In Sinks,38.25,45.0,54.0,18.0,29.25,40.5,,,,,,,,,,,,,,,,,,,,,,,,,,
Farmhouse Sinks,38.25,45.0,54.0,18.0,29.25,40.5,,,,,,,,,,,,,,,,,,,,,,,,,,
Modern Sinks,38.25,45.0,54.0,18.0,29.25,40.5,,,,,,,,,,,,,,,,,,,,,,,,,,
Outdoor Sinks,38.25,45.0,54.0,18.0,29.25,40.5,,,,,,,,,,,,,,,,,,,,,,,,,,
Single-Bowl Sinks,38.25,45.0,54.0,18.0,29.25,40.5,,,,,,,,,,,,,,,,,,,,,,,,,,
Undermount Sinks,38.25,45.0,54.0,18.0,29.25,40.5,,,,,,,,,,,,,,,,,,,,,,,,,,
,38.25,45.0,54.0,18.0,29.25,40.5,Brad Nails,,,,,,,,,,,,,,,,,,,,,,,,,
,38.25,45.0,54.0,18.0,29.25,40.5,Bulk Collated Fasteners,,,,,,,,,,,,,,,,,,,,,,,,,
,38.25,45.0,54.0,18.0,29.25,40.5,Cabinet Screws,,,,,,,,,,,,,,,,,,,,,,,,,
,38.25,45.0,54.0,18.0,29.25,40.5,Cap Nuts,,,,,,,,,,,,,,,,,,,,,,,,,
,38.25,45.0,54.0,18.0,29.25,40.5,Carriage Bolts,,,,,,,,,,,,,,,,,,,,,,,,,
,38.25,45.0,54.0,18.0,29.25,40.5,Cement Board Screws,,,,,,,,,,,,,,,,,,,,,,,,,
,38.25,45.0,54.0,18.0,29.25,40.5,Chains,,,,,,,,,,,,,,,,,,,,,,,,,
,38.25,45.0,54.0,18.0,29.25,40.5,Clips,,,,,,,,,,,,,,,,,,,,,,,,,
,38.25,45.0,54.0,18.0,29.25,40.5,Collated Anchors,,,,,,,,,,,,,,,,,,,,,,,,,
,38.25,45.0,54.0,18.0,29.25,40.5,Collated Finishing Nails,,,,,,,,,,,,,,,,,,,,,,,,,
,38.25,45.0,54.0,18.0,29.25,40.5,Collated Framing Nails,,,,,,,,,,,,,,,,,,,,,,,,,
,38.25,45.0,54.0,18.0,29.25,40.5,Collated Nails,,,,,,,,,,,,,,,,,,,,,,,,,
,38.25,45.0,54.0,18.0,29.25,40.5,Collated Roofing Nails,,,,,,,,,,,,,,,,,,,,,,,,,
,38.25,45.0,54.0,18.0,29.25,40.5,Collated Screws,,,,,,,,,,,,,,,,,,,,,,,,,
,38.25,45.0,54.0,18.0,29.25,40.5,Common Nails,,,,,,,,,,,,,,,,,,,,,,,,,
,38.25,45.0,54.0,18.0,29.25,40.5,Concrete Screws,,,,,,,,,,,,,,,,,,,,,,,,,
,38.25,45.0,54.0,18.0,29.25,40.5,Coupling Nuts,,,,,,,,,,,,,,,,,,,,,,,,,
,38.25,45.0,54.0,18.0,29.25,40.5,Deck Screws,,,,,,,,,,,,,,,,,,,,,,,,,
,38.25,45.0,54.0,18.0,29.25,40.5,Drywall Screws,,,,,,,,,,,,,,,,,,,,,,,,,
,38.25,45.0,54.0,18.0,29.25,40.5,E-Clips,,,,,,,,,,,,,,,,,,,,,,,,,
,38.25,45.0,54.0,18.0,29.25,40.5,Exterior Wood Screws,,,,,,,,,,,,,,,,,,,,,,,,,
,38.25,45.0,54.0,18.0,29.25,40.5,Eye Bolts,,,,,,,,,,,,,,,,,,,,,,,,,
,38.25,45.0,54.0,18.0,29.25,40.5,Eyes,,,,,,,,,,,,,,,,,,,,,,,,,
,38.25,45.0,54.0,18.0,29.25,40.5,Fastener Kits,,,,,,,,,,,,,,,,,,,,,,,,,
,38.25,45.0,54.0,18.0,29.25,40.5,Fastener Sets,,,,,,,,,,,,,,,,,,,,,,,,,
,38.25,45.0,54.0,18.0,29.25,40.5,Fastener Subscriptions,,,,,,,,,,,,,,,,,,,,,,,,,
,38.25,45.0,54.0,18.0,29.25,40.5,Finishing Nails,,,,,,,,,,,,,,,,,,,,,,,,,
,38.25,45.0,54.0,18.0,29.25,40.5,Framing Nails,,,,,,,,,,,,,,,,,,,,,,,,,
,38.25,45.0,54.0,18.0,29.25,40.5,Furniture Connectors,,,,,,,,,,,,,,,,,,,,,,,,,
,38.25,45.0,54.0,18.0,29.25,40.5,Hanger Bolts,,,,,,,,,,,,,,,,,,,,,,,,,
,38.25,45.0,54.0,18.0,29.25,40.5,Hex Bolts,,,,,,,,,,,,,,,,,,,,,,,,,
,38.25,45.0,54.0,18.0,29.25,40.5,Hex Nuts,,,,,,,,,,,,,,,,,,,,,,,,,
,38.25,45.0,54.0,18.0,29.25,40.5,Hook,,,,,,,,,,,,,,,,,,,,,,,,,
,38.25,45.0,54.0,18.0,29.25,40.5,Interior Wood Screws,,,,,,,,,,,,,,,,,,,,,,,,,
,38.25,45.0,54.0,18.0,29.25,40.5,Joist Hanger Nails,,,,,,,,,,,,,,,,,,,,,,,,,
,38.25,45.0,54.0,18.0,29.25,40.5,Lag Bolts,,,,,,,,,,,,,,,,,,,,,,,,,
,38.25,45.0,54.0,18.0,29.25,40.5,License Plate Screws,,,,,,,,,,,,,,,,,,,,,,,,,
,38.25,45.0,54.0,18.0,29.25,40.5,Lock Nuts,,,,,,,,,,,,,,,,,,,,,,,,,
,38.25,45.0,54.0,18.0,29.25,40.5,Loops,,,,,,,,,,,,,,,,,,,,,,,,,
,38.25,45.0,54.0,18.0,29.25,40.5,Machine Screws,,,,,,,,,,,,,,,,,,,,,,,,,
,38.25,45.0,54.0,18.0,29.25,40.5,Magnets,,,,,,,,,,,,,,,,,,,,,,,,,
,38.25,45.0,54.0,18.0,29.25,40.5,Magnets,,,,,,,,,,,,,,,,,,,,,,,,,
,38.25,45.0,54.0,18.0,29.25,40.5,Pins,,,,,,,,,,,,,,,,,,,,,,,,,
,38.25,45.0,54.0,18.0,29.25,40.5,Pneumatic Staples,,,,,,,,,,,,,,,,,,,,,,,,,
,38.25,45.0,54.0,18.0,29.25,40.5,Post Brackets,,,,,,,,,,,,,,,,,,,,,,,,,
,38.25,45.0,54.0,18.0,29.25,40.5,Rings,,,,,,,,,,,,,,,,,,,,,,,,,
,38.25,45.0,54.0,18.0,29.25,40.5,Rivets,,,,,,,,,,,,,,,,,,,,,,,,,
,38.25,45.0,54.0,18.0,29.25,40.5,Roofing Nails,,,,,,,,,,,,,,,,,,,,,,,,,
,38.25,45.0,54.0,18.0,29.25,40.5,Ropes,,,,,,,,,,,,,,,,,,,,,,,,,
,38.25,45.0,54.0,18.0,29.25,40.5,Screw Eyes,,,,,,,,,,,,,,,,,,,,,,,,,
,38.25,45.0,54.0,18.0,29.25,40.5,Self-Drilling Screws,,,,,,,,,,,,,,,,,,,,,,,,,
,38.25,45.0,54.0,18.0,29.25,40.5,Sheet Metal Screws,,,,,,,,,,,,,,,,,,,,,,,,,
,38.25,45.0,54.0,18.0,29.25,40.5,Shelf Supports,,,,,,,,,,,,,,,,,,,,,,,,,
,38.25,45.0,54.0,18.0,29.25,40.5,Socket Head Cap Screws,,,,,,,,,,,,,,,,,,,,,,,,,
,38.25,45.0,54.0,18.0,29.25,40.5,Spacers,,,,,,,,,,,,,,,,,,,,,,,,,
,38.25,45.0,54.0,18.0,29.25,40.5,T-Nets,,,,,,,,,,,,,,,,,,,,,,,,,
,38.25,45.0,54.0,18.0,29.25,40.5,U-Bolts,,,,,,,,,,,,,,,,,,,,,,,,,
,38.25,45.0,54.0,18.0,29.25,40.5,Velcro,,,,,,,,,,,,,,,,,,,,,,,,,
,38.25,45.0,54.0,18.0,29.25,40.5,Washers,,,,,,,,,,,,,,,,,,,,,,,,,
,38.25,45.0,54.0,18.0,29.25,40.5,Wing Nuts,,,,,,,,,,,,,,,,,,,,,,,,,
,38.25,45.0,54.0,18.0,29.25,40.5,,Asphalt Patch,,,,,,,,,,,,,,,,,,,,,,,,
,38.25,45.0,54.0,18.0,29.25,40.5,,Asphalt Sealant,,,,,,,,,,,,,,,,,,,,,,,,
,38.25,45.0,54.0,18.0,29.25,40.5,,Brick,,,,,,,,,,,,,,,,,,,,,,,,
,38.25,45.0,54.0,18.0,29.25,40.5,,Brick Towels,,,,,,,,,,,,,,,,,,,,,,,,
,38.25,45.0,54.0,18.0,29.25,40.5,,Cement Aggregates,,,,,,,,,,,,,,,,,,,,,,,,
,38.25,45.0,54.0,18.0,29.25,40.5,,Cement Tools,,,,,,,,,,,,,,,,,,,,,,,,
,38.25,45.0,54.0,18.0,29.25,40.5,,Cinder Blocks,,,,,,,,,,,,,,,,,,,,,,,,
,38.25,45.0,54.0,18.0,29.25,40.5,,Concrete Aggregates,,,,,,,,,,,,,,,,,,,,,,,,
,38.25,45.0,54.0,18.0,29.25,40.5,,Concrete Block,,,,,,,,,,,,,,,,,,,,,,,,
,38.25,45.0,54.0,18.0,29.25,40.5,,Concrete Edgers,,,,,,,,,,,,,,,,,,,,,,,,
,38.25,45.0,54.0,18.0,29.25,40.5,,Concrete Floats,,,,,,,,,,,,,,,,,,,,,,,,
,38.25,45.0,54.0,18.0,29.25,40.5,,Concrete Forms,,,,,,,,,,,,,,,,,,,,,,,,
,38.25,45.0,54.0,18.0,29.25,40.5,,Concrete Mix,,,,,,,,,,,,,,,,,,,,,,,,
,38.25,45.0,54.0,18.0,29.25,40.5,,Concrete Mixers,,,,,,,,,,,,,,,,,,,,,,,,
,38.25,45.0,54.0,18.0,29.25,40.5,,Concrete Patch,,,,,,,,,,,,,,,,,,,,,,,,
,38.25,45.0,54.0,18.0,29.25,40.5,,Concrete Sealant,,,,,,,,,,,,,,,,,,,,,,,,
,38.25,45.0,54.0,18.0,29.25,40.5,,Concrete Stamps,,,,,,,,,,,,,,,,,,,,,,,,
,38.25,45.0,54.0,18.0,29.25,40.5,,Concrete Tools,,,,,,,,,,,,,,,,,,,,,,,,
,38.25,45.0,54.0,18.0,29.25,40.5,,Concrete Trowels,,,,,,,,,,,,,,,,,,,,,,,,
,38.25,45.0,54.0,18.0,29.25,40.5,,Fire Brick,,,,,,,,,,,,,,,,,,,,,,,,
,38.25,45.0,54.0,18.0,29.25,40.5,,Hydraulic Cement,,,,,,,,,,,,,,,,,,,,,,,,
,38.25,45.0,54.0,18.0,29.25,40.5,,Landscape Gravel,,,,,,,,,,,,,,,,,,,,,,,,
,38.25,45.0,54.0,18.0,29.25,40.5,,Landscape Rocks,,,,,,,,,,,,,,,,,,,,,,,,
,38.25,45.0,54.0,18.0,29.25,40.5,,Masonary Mix,,,,,,,,,,,,,,,,,,,,,,,,
,38.25,45.0,54.0,18.0,29.25,40.5,,Masonary Tools,,,,,,,,,,,,,,,,,,,,,,,,
,38.25,45.0,54.0,18.0,29.25,40.5,,Mixing Tubs,,,,,,,,,,,,,,,,,,,,,,,,
,38.25,45.0,54.0,18.0,29.25,40.5,,Mortar Mix,,,,,,,,,,,,,,,,,,,,,,,,
,38.25,45.0,54.0,18.0,29.25,40.5,,Mortar Repair,,,,,,,,,,,,,,,,,,,,,,,,
,38.25,45.0,54.0,18.0,29.25,40.5,,Rebar,,,,,,,,,,,,,,,,,,,,,,,,
,38.25,45.0,54.0,18.0,29.25,40.5,,Remesh,,,,,,,,,,,,,,,,,,,,,,,,
,38.25,45.0,54.0,18.0,29.25,40.5,,Sand,,,,,,,,,,,,,,,,,,,,,,,,
,38.25,45.0,54.0,18.0,29.25,40.5,,Stucco Mix,,,,,,,,,,,,,,,,,,,,,,,,
,38.25,45.0,54.0,18.0,29.25,40.5,,Wire Mesh,,,,,,,,,,,,,,,,,,,,,,,,
,38.25,45.0,54.0,18.0,29.25,40.5,,,Countertop Brackets,,,,,,,,,,,,,,,,,,,,,,,
,38.25,45.0,54.0,18.0,29.25,40.5,,,Custom Countertops,,,,,,,,,,,,,,,,,,,,,,,
,38.25,45.0,54.0,18.0,29.25,40.5,,,Custom Laminate,,,,,,,,,,,,,,,,,,,,,,,
,38.25,45.0,54.0,18.0,29.25,40.5,,,Custom Marble,,,,,,,,,,,,,,,,,,,,,,,
,38.25,45.0,54.0,18.0,29.25,40.5,,,Custom Quartz,,,,,,,,,,,,,,,,,,,,,,,
,38.25,45.0,54.0,18.0,29.25,40.5,,,Custom Solid Surface,,,,,,,,,,,,,,,,,,,,,,,
,38.25,45.0,54.0,18.0,29.25,40.5,,,Customer Granite,,,,,,,,,,,,,,,,,,,,,,,
,38.25,45.0,54.0,18.0,29.25,40.5,,,Customer Ultra Durable,,,,,,,,,,,,,,,,,,,,,,,
,38.25,45.0,54.0,18.0,29.25,40.5,,,Granite,,,,,,,,,,,,,,,,,,,,,,,
,38.25,45.0,54.0,18.0,29.25,40.5,,,Laminate,,,,,,,,,,,,,,,,,,,,,,,
,38.25,45.0,54.0,18.0,29.25,40.5,,,Laminate Sheets,,,,,,,,,,,,,,,,,,,,,,,
,38.25,45.0,54.0,18.0,29.25,40.5,,,Marble,,,,,,,,,,,,,,,,,,,,,,,
,38.25,45.0,54.0,18.0,29.25,40.5,,,Quartz,,,,,,,,,,,,,,,,,,,,,,,
,38.25,45.0,54.0,18.0,29.25,40.5,,,Quartzite,,,,,,,,,,,,,,,,,,,,,,,
,38.25,45.0,54.0,18.0,29.25,40.5,,,Solid Surface,,,,,,,,,,,,,,,,,,,,,,,
,38.25,45.0,54.0,18.0,29.25,40.5,,,Thinscape,,,,,,,,,,,,,,,,,,,,,,,
,38.25,45.0,54.0,18.0,29.25,40.5,,,Ultra Durable,,,,,,,,,,,,,,,,,,,,,,,
,38.25,45.0,54.0,18.0,29.25,40.5,,,,Drainage Composites,,,,,,,,,,,,,,,,,,,,,,
,38.25,45.0,54.0,18.0,29.25,40.5,,,,Erosion Control Blankets,,,,,,,,,,,,,,,,,,,,,,
,38.25,45.0,54.0,18.0,29.25,40.5,,,,Erosion Control Logs,,,,,,,,,,,,,,,,,,,,,,
,38.25,45.0,54.0,18.0,29.25,40.5,,,,Erosion Control Wattles,,,,,,,,,,,,,,,,,,,,,,
,38.25,45.0,54.0,18.0,29.25,40.5,,,,Erosion Fencing,,,,,,,,,,,,,,,,,,,,,,
,38.25,45.0,54.0,18.0,29.25,40.5,,,,Flood Bags,,,,,,,,,,,,,,,,,,,,,,
,38.25,45.0,54.0,18.0,29.25,40.5,,,,Geogrids,,,,,,,,,,,,,,,,,,,,,,
,38.25,45.0,54.0,18.0,29.25,40.5,,,,Geotextiles,,,,,,,,,,,,,,,,,,,,,,
,38.25,45.0,54.0,18.0,29.25,40.5,,,,Sand Bags,,,,,,,,,,,,,,,,,,,,,,
,38.25,45.0,54.0,18.0,29.25,40.5,,,,Turbidity Curtains,,,,,,,,,,,,,,,,,,,,,,
,38.25,45.0,54.0,18.0,29.25,40.5,,,,,Dryer Vent Kits,,,,,,,,,,,,,,,,,,,,,
,38.25,45.0,54.0,18.0,29.25,40.5,,,,,Foundation Vents,,,,,,,,,,,,,,,,,,,,,
,38.25,45.0,54.0,18.0,29.25,40.5,,,,,Gable Vents,,,,,,,,,,,,,,,,,,,,,
,38.25,45.0,54.0,18.0,29.25,40.5,,,,,Roof Ridge Vents,,,,,,,,,,,,,,,,,,,,,
,38.25,45.0,54.0,18.0,29.25,40.5,,,,,Soffit Vents,,,,,,,,,,,,,,,,,,,,,
,38.25,45.0,54.0,18.0,29.25,40.5,,,,,,Gin Block Pulley,,,,,,,,,,,,,,,,,,,,
,38.25,45.0,54.0,18.0,29.25,40.5,,,,,,Hoist Post,,,,,,,,,,,,,,,,,,,,
,38.25,45.0,54.0,18.0,29.25,40.5,,,,,,Ladder Planks,,,,,,,,,,,,,,,,,,,,
,38.25,45.0,54.0,18.0,29.25,40.5,,,,,,Locking Arms,,,,,,,,,,,,,,,,,,,,
,38.25,45.0,54.0,18.0,29.25,40.5,,,,,,Pig Tail Locks,,,,,,,,,,,,,,,,,,,,
,38.25,45.0,54.0,18.0,29.25,40.5,,,,,,Pump Jack Components,,,,,,,,,,,,,,,,,,,,
,38.25,45.0,54.0,18.0,29.25,40.5,,,,,,Rolling Scaffolds,,,,,,,,,,,,,,,,,,,,
,38.25,45.0,54.0,18.0,29.25,40.5,,,,,,Scaffold Brackets,,,,,,,,,,,,,,,,,,,,
,38.25,45.0,54.0,18.0,29.25,40.5,,,,,,Scaffold Canopy Tops,,,,,,,,,,,,,,,,,,,,
,38.25,45.0,54.0,18.0,29.25,40.5,,,,,,Scaffold Clamps,,,,,,,,,,,,,,,,,,,,
,38.25,45.0,54.0,18.0,29.25,40.5,,,,,,Scaffold Extensions,,,,,,,,,,,,,,,,,,,,
,38.25,45.0,54.0,18.0,29.25,40.5,,,,,,Scaffold Guardrails,,,,,,,,,,,,,,,,,,,,
,38.25,45.0,54.0,18.0,29.25,40.5,,,,,,Scaffold Leveling Jacks,,,,,,,,,,,,,,,,,,,,
,38.25,45.0,54.0,18.0,29.25,40.5,,,,,,Scaffold Outriggers,,,,,,,,,,,,,,,,,,,,
,38.25,45.0,54.0,18.0,29.25,40.5,,,,,,Scaffold Pins,,,,,,,,,,,,,,,,,,,,
,38.25,45.0,54.0,18.0,29.25,40.5,,,,,,Scaffold Plank Ties,,,,,,,,,,,,,,,,,,,,
,38.25,45.0,54.0,18.0,29.25,40.5,,,,,,Scaffold Tie-Off Bars,,,,,,,,,,,,,,,,,,,,
,38.25,45.0,54.0,18.0,29.25,40.5,,,,,,Scaffold Trestles,,,,,,,,,,,,,,,,,,,,
,38.25,45.0,54.0,18.0,29.25,40.5,,,,,,Scaffold Wall Anchor,,,,,,,,,,,,,,,,,,,,
,38.25,45.0,54.0,18.0,29.25,40.5,,,,,,Scaffolding Baseplates,,,,,,,,,,,,,,,,,,,,
,38.25,45.0,54.0,18.0,29.25,40.5,,,,,,Scaffolding Bench Rollers,,,,,,,,,,,,,,,,,,,,
,38.25,45.0,54.0,18.0,29.25,40.5,,,,,,Scaffolding Parts,,,,,,,,,,,,,,,,,,,,
,38.25,45.0,54.0,18.0,29.25,40.5,,,,,,Scaffolding Planks,,,,,,,,,,,,,,,,,,,,
,38.25,45.0,54.0,18.0,29.25,40.5,,,,,,Scaffolding Platforms,,,,,,,,,,,,,,,,,,,,
,38.25,45.0,54.0,18.0,29.25,40.5,,,,,,Scaffolding Sets,,,,,,,,,,,,,,,,,,,,
,38.25,45.0,54.0,18.0,29.25,40.5,,,,,,Scaffolding Stages,,,,,,,,,,,,,,,,,,,,
,38.25,45.0,54.0,18.0,29.25,40.5,,,,,,Scaffolding Towers,,,,,,,,,,,,,,,,,,,,
,38.25,45.0,54.0,18.0,29.25,40.5,,,,,,Scaffolding Wheels,,,,,,,,,,,,,,,,,,,,
,38.25,45.0,54.0,18.0,29.25,40.5,,,,,,Squaring Braces,,,,,,,,,,,,,,,,,,,,
,38.25,45.0,54.0,18.0,29.25,40.5,,,,,,Toe Boards,,,,,,,,,,,,,,,,,,,,
,38.25,45.0,54.0,18.0,29.25,40.5,,,,,,,Bathroom Mirror,,,,,,,,,,,,,,,,,,,
,38.25,45.0,54.0,18.0,29.25,40.5,,,,,,,Bedroom Mirror,,,,,,,,,,,,,,,,,,,
,38.25,45.0,54.0,18.0,29.25,40.5,,,,,,,Gym Mirror,,,,,,,,,,,,,,,,,,,
,38.25,45.0,54.0,18.0,29.25,40.5,,,,,,,Makeup Mirrors,,,,,,,,,,,,,,,,,,,
,38.25,45.0,54.0,18.0,29.25,40.5,,,,,,,Mirror-framing Kits,,,,,,,,,,,,,,,,,,,
,38.25,45.0,54.0,18.0,29.25,40.5,,,,,,,Vanity Mirrors,,,,,,,,,,,,,,,,,,,
,38.25,45.0,54.0,18.0,29.25,40.5,,,,,,,,Downspout Elbows,,,,,,,,,,,,,,,,,,
,38.25,45.0,54.0,18.0,29.25,40.5,,,,,,,,Downspout Extensions,,,,,,,,,,,,,,,,,,
,38.25,45.0,54.0,18.0,29.25,40.5,,,,,,,,Downspout Guards,,,,,,,,,,,,,,,,,,
,38.25,45.0,54.0,18.0,29.25,40.5,,,,,,,,Downspouts,,,,,,,,,,,,,,,,,,
,38.25,45.0,54.0,18.0,29.25,40.5,,,,,,,,Gutter Connectors,,,,,,,,,,,,,,,,,,
,38.25,45.0,54.0,18.0,29.25,40.5,,,,,,,,Gutter End Caps,,,,,,,,,,,,,,,,,,
,38.25,45.0,54.0,18.0,29.25,40.5,,,,,,,,Gutter Guards,,,,,,,,,,,,,,,,,,
,38.25,45.0,54.0,18.0,29.25,40.5,,,,,,,,Gutter Hardware,,,,,,,,,,,,,,,,,,
,38.25,45.0,54.0,18.0,29.25,40.5,,,,,,,,Gutter System,,,,,,,,,,,,,,,,,,
,38.25,45.0,54.0,18.0,29.25,40.5,,,,,,,,Gutters,,,,,,,,,,,,,,,,,,
,38.25,45.0,54.0,18.0,29.25,40.5,,,,,,,,Hanger,,,,,,,,,,,,,,,,,,
,38.25,45.0,54.0,18.0,29.25,40.5,,,,,,,,Splash Blocks,,,,,,,,,,,,,,,,,,
,38.25,45.0,54.0,18.0,29.25,40.5,,,,,,,,,Drop,,,,,,,,,,,,,,,,,
,38.25,45.0,54.0,18.0,29.25,40.5,,,,,,,,,Surface-mount,,,,,,,,,,,,,,,,,
,38.25,45.0,54.0,18.0,29.25,40.5,,,,,,,,,White,,,,,,,,,,,,,,,,,
,38.25,45.0,54.0,18.0,29.25,40.5,,,,,,,,,,Acrylic Sheets,,,,,,,,,,,,,,,,
,38.25,45.0,54.0,18.0,29.25,40.5,,,,,,,,,,Corrugated Plastic Sheets,,,,,,,,,,,,,,,,
,38.25,45.0,54.0,18.0,29.25,40.5,,,,,,,,,,Foam PVC Sheets,,,,,,,,,,,,,,,,
,38.25,45.0,54.0,18.0,29.25,40.5,,,,,,,,,,Glass Block,,,,,,,,,,,,,,,,
,38.25,45.0,54.0,18.0,29.25,40.5,,,,,,,,,,Glass Block Accessories,,,,,,,,,,,,,,,,
,38.25,45.0,54.0,18.0,29.25,40.5,,,,,,,,,,Glass Cutters,,,,,,,,,,,,,,,,
,38.25,45.0,54.0,18.0,29.25,40.5,,,,,,,,,,HDPE Sheets,,,,,,,,,,,,,,,,
,38.25,45.0,54.0,18.0,29.25,40.5,,,,,,,,,,Plexiglass,,,,,,,,,,,,,,,,
,38.25,45.0,54.0,18.0,29.25,40.5,,,,,,,,,,Polycarbonate,,,,,,,,,,,,,,,,
,38.25,45.0,54.0,18.0,29.25,40.5,,,,,,,,,,Replacemnt Glass,,,,,,,,,,,,,,,,
,38.25,45.0,54.0,18.0,29.25,40.5,,,,,,,,,,Rubber Rolls,,,,,,,,,,,,,,,,
,38.25,45.0,54.0,18.0,29.25,40.5,,,,,,,,,,Rubber Sheets,,,,,,,,,,,,,,,,
,38.25,45.0,54.0,18.0,29.25,40.5,,,,,,,,,,Silicone Rolls,,,,,,,,,,,,,,,,
,38.25,45.0,54.0,18.0,29.25,40.5,,,,,,,,,,Silicone Sheets,,,,,,,,,,,,,,,,
,38.25,45.0,54.0,18.0,29.25,40.5,,,,,,,,,,,Baseboard,,,,,,,,,,,,,,,
,38.25,45.0,54.0,18.0,29.25,40.5,,,,,,,,,,,Chair Rail,,,,,,,,,,,,,,,
,38.25,45.0,54.0,18.0,29.25,40.5,,,,,,,,,,,Corner Blocks,,,,,,,,,,,,,,,
,38.25,45.0,54.0,18.0,29.25,40.5,,,,,,,,,,,Crown Molding,,,,,,,,,,,,,,,
,38.25,45.0,54.0,18.0,29.25,40.5,,,,,,,,,,,Door Molding,,,,,,,,,,,,,,,
,38.25,45.0,54.0,18.0,29.25,40.5,,,,,,,,,,,General Purpose Molding,,,,,,,,,,,,,,,
,38.25,45.0,54.0,18.0,29.25,40.5,,,,,,,,,,,Picture Frame Molding,,,,,,,,,,,,,,,
,38.25,45.0,54.0,18.0,29.25,40.5,,,,,,,,,,,Quarter Round,,,,,,,,,,,,,,,
,38.25,45.0,54.0,18.0,29.25,40.5,,,,,,,,,,,Shoe Round,,,,,,,,,,,,,,,
,38.25,45.0,54.0,18.0,29.25,40.5,,,,,,,,,,,Wall Niches,,,,,,,,,,,,,,,
,38.25,45.0,54.0,18.0,29.25,40.5,,,,,,,,,,,Window Molding,,,,,,,,,,,,,,,
,38.25,45.0,54.0,18.0,29.25,40.5,,,,,,,,,,,,Ceiling,,,,,,,,,,,,,,
,38.25,45.0,54.0,18.0,29.25,40.5,,,,,,,,,,,,Filters,,,,,,,,,,,,,,
,38.25,45.0,54.0,18.0,29.25,40.5,,,,,,,,,,,,Flush Mount,,,,,,,,,,,,,,
,38.25,45.0,54.0,18.0,29.25,40.5,,,,,,,,,,,,Heater,,,,,,,,,,,,,,
,38.25,45.0,54.0,18.0,29.25,40.5,,,,,,,,,,,,Humidity Sensing,,,,,,,,,,,,,,
,38.25,45.0,54.0,18.0,29.25,40.5,,,,,,,,,,,,Light,,,,,,,,,,,,,,
,38.25,45.0,54.0,18.0,29.25,40.5,,,,,,,,,,,,Motion Sensing,,,,,,,,,,,,,,
,38.25,45.0,54.0,18.0,29.25,40.5,,,,,,,,,,,,Motors,,,,,,,,,,,,,,
,38.25,45.0,54.0,18.0,29.25,40.5,,,,,,,,,,,,Mounting Kits,,,,,,,,,,,,,,
,38.25,45.0,54.0,18.0,29.25,40.5,,,,,,,,,,,,Night Light,,,,,,,,,,,,,,
,38.25,45.0,54.0,18.0,29.25,40.5,,,,,,,,,,,,Parts,,,,,,,,,,,,,,
,38.25,45.0,54.0,18.0,29.25,40.5,,,,,,,,,,,,Recessed Mount,,,,,,,,,,,,,,
,38.25,45.0,54.0,18.0,29.25,40.5,,,,,,,,,,,,Replacement Lens,,,,,,,,,,,,,,
,38.25,45.0,54.0,18.0,29.25,40.5,,,,,,,,,,,,Surface Mount,,,,,,,,,,,,,,
,38.25,45.0,54.0,18.0,29.25,40.5,,,,,,,,,,,,Upgrade Kits,,,,,,,,,,,,,,
,38.25,45.0,54.0,18.0,29.25,40.5,,,,,,,,,,,,Wall,,,,,,,,,,,,,,
,38.25,45.0,54.0,18.0,29.25,40.5,,,,,,,,,,,,,Bathroom Vanities without Tops,,,,,,,,,,,,,
,38.25,45.0,54.0,18.0,29.25,40.5,,,,,,,,,,,,,Bathroom Vanity Sets,,,,,,,,,,,,,
,38.25,45.0,54.0,18.0,29.25,40.5,,,,,,,,,,,,,Double Sink Bathroom Vanities,,,,,,,,,,,,,
,38.25,45.0,54.0,18.0,29.25,40.5,,,,,,,,,,,,,Single Sink Bathroom Vanities,,,,,,,,,,,,,
,38.25,45.0,54.0,18.0,29.25,40.5,,,,,,,,,,,,,Vanity Backsplashes,,,,,,,,,,,,,
,38.25,45.0,54.0,18.0,29.25,40.5,,,,,,,,,,,,,Vanity Handles,,,,,,,,,,,,,
,38.25,45.0,54.0,18.0,29.25,40.5,,,,,,,,,,,,,Vanity Side,,,,,,,,,,,,,
,38.25,45.0,54.0,18.0,29.25,40.5,,,,,,,,,,,,,Vanity Tops,,,,,,,,,,,,,
,38.25,45.0,54.0,18.0,29.25,40.5,,,,,,,,,,Composite Deck Boards,,,,,,,,,,,,,,,,
,38.25,45.0,54.0,18.0,29.25,40.5,,,,,,,,,,Deck Accents,,,,,,,,,,,,,,,,
,38.25,45.0,54.0,18.0,29.25,40.5,,,,,,,,,,Deck Balusters,,,,,,,,,,,,,,,,
,38.25,45.0,54.0,18.0,29.25,40.5,,,,,,,,,,Deck Board Samples,,,,,,,,,,,,,,,,
,38.25,45.0,54.0,18.0,29.25,40.5,,,,,,,,,,Deck Connectors,,,,,,,,,,,,,,,,
,38.25,45.0,54.0,18.0,29.25,40.5,,,,,,,,,,Deck Gates,,,,,,,,,,,,,,,,
,38.25,45.0,54.0,18.0,29.25,40.5,,,,,,,,,,Deck Hardware,,,,,,,,,,,,,,,,
,38.25,45.0,54.0,18.0,29.25,40.5,,,,,,,,,,Deck Parts,,,,,,,,,,,,,,,,
,38.25,45.0,54.0,18.0,29.25,40.5,,,,,,,,,,Deck Post Caps,,,,,,,,,,,,,,,,
,38.25,45.0,54.0,18.0,29.25,40.5,,,,,,,,,,Deck Posts,,,,,,,,,,,,,,,,
,38.25,45.0,54.0,18.0,29.25,40.5,,,,,,,,,,Deck Railing Components,,,,,,,,,,,,,,,,
,38.25,45.0,54.0,18.0,29.25,40.5,,,,,,,,,,Deck Railing Systems,,,,,,,,,,,,,,,,
,38.25,45.0,54.0,18.0,29.25,40.5,,,,,,,,,,Deck Stairs,,,,,,,,,,,,,,,,
,38.25,45.0,54.0,18.0,29.25,40.5,,,,,,,,,,Deck Tiles,,,,,,,,,,,,,,,,
,38.25,45.0,54.0,18.0,29.25,40.5,,,,,,,,,,Decking Kits,,,,,,,,,,,,,,,,
,38.25,45.0,54.0,18.0,29.25,40.5,,,,,,,,,,Fascia Boards,,,,,,,,,,,,,,,,
,38.25,45.0,54.0,18.0,29.25,40.5,,,,,,,,,,Metal Deck Framing,,,,,,,,,,,,,,,,
,38.25,45.0,54.0,18.0,29.25,40.5,,,,,,,,,,Metal Deck Framing Brackets,,,,,,,,,,,,,,,,
,38.25,45.0,54.0,18.0,29.25,40.5,,,,,,,,,,Outdoor Stair Stringers,,,,,,,,,,,,,,,,
,38.25,45.0,54.0,18.0,29.25,40.5,,,,,,,,,,Post Sleeves,,,,,,,,,,,,,,,,
,38.25,45.0,54.0,18.0,29.25,40.5,,,,,,,,,,Pressure Treated Deck Boards,,,,,,,,,,,,,,,,
,38.25,45.0,54.0,18.0,29.25,40.5,,,,,,,,,,Under Deck Ceiling Systems,,,,,,,,,,,,,,,,
,38.25,45.0,54.0,18.0,29.25,40.5,,,,,,,,,,Wood Decking,,,,,,,,,,,,,,,,
,38.25,45.0,54.0,18.0,29.25,40.5,,,,,,,,,,Accordion Doors,,,,,,,,,,,,,,,,
,38.25,45.0,54.0,18.0,29.25,40.5,,,,,,,,,,Barn Doors,,,,,,,,,,,,,,,,
,38.25,45.0,54.0,18.0,29.25,40.5,,,,,,,,,,Bifold Doors,,,,,,,,,,,,,,,,
,38.25,45.0,54.0,18.0,29.25,40.5,,,,,,,,,,Closet Doors,,,,,,,,,,,,,,,,
,38.25,45.0,54.0,18.0,29.25,40.5,,,,,,,,,,Commercial Doors,,,,,,,,,,,,,,,,
,38.25,45.0,54.0,18.0,29.25,40.5,,,,,,,,,,Door Hardware,,,,,,,,,,,,,,,,
,38.25,45.0,54.0,18.0,29.25,40.5,,,,,,,,,,Exterior Doors,,,,,,,,,,,,,,,,
,38.25,45.0,54.0,18.0,29.25,40.5,,,,,,,,,,Fench Doors,,,,,,,,,,,,,,,,
,38.25,45.0,54.0,18.0,29.25,40.5,,,,,,,,,,Fiberglass Front Doors,,,,,,,,,,,,,,,,
,38.25,45.0,54.0,18.0,29.25,40.5,,,,,,,,,,Front Doors,,,,,,,,,,,,,,,,
,38.25,45.0,54.0,18.0,29.25,40.5,,,,,,,,,,Garage Door Openers,,,,,,,,,,,,,,,,
,38.25,45.0,54.0,18.0,29.25,40.5,,,,,,,,,,Garage Doors,,,,,,,,,,,,,,,,
,38.25,45.0,54.0,18.0,29.25,40.5,,,,,,,,,,Glass Interior Doors,,,,,,,,,,,,,,,,
,38.25,45.0,54.0,18.0,29.25,40.5,,,,,,,,,,Hidden Doors,,,,,,,,,,,,,,,,
,38.25,45.0,54.0,18.0,29.25,40.5,,,,,,,,,,Interior Doors,,,,,,,,,,,,,,,,
,38.25,45.0,54.0,18.0,29.25,40.5,,,,,,,,,,Louvered Doors,,,,,,,,,,,,,,,,
,38.25,45.0,54.0,18.0,29.25,40.5,,,,,,,,,,Patio Doors,,,,,,,,,,,,,,,,
,38.25,45.0,54.0,18.0,29.25,40.5,,,,,,,,,,Pocket Door Frames,,,,,,,,,,,,,,,,
,38.25,45.0,54.0,18.0,29.25,40.5,,,,,,,,,,Prehung Doors,,,,,,,,,,,,,,,,
,38.25,45.0,54.0,18.0,29.25,40.5,,,,,,,,,,Saloon Doors,,,,,,,,,,,,,,,,
,38.25,45.0,54.0,18.0,29.25,40.5,,,,,,,,,,Security Doors,,,,,,,,,,,,,,,,
,38.25,45.0,54.0,18.0,29.25,40.5,,,,,,,,,,Slab Doors,,,,,,,,,,,,,,,,
,38.25,45.0,54.0,18.0,29.25,40.5,,,,,,,,,,Sliding Doors,,,,,,,,,,,,,,,,
,38.25,45.0,54.0,18.0,29.25,40.5,,,,,,,,,,Storm Doors,,,,,,,,,,,,,,,,
,38.25,45.0,54.0,18.0,29.25,40.5,,,,,,,,,,,,,,Foam,,,,,,,,,,,,
,38.25,45.0,54.0,18.0,29.25,40.5,,,,,,,,,,,,,,Medium Density Fiberboard (MDF),,,,,,,,,,,,
,38.25,45.0,54.0,18.0,29.25,40.5,,,,,,,,,,,,,,Metal,,,,,,,,,,,,
,38.25,45.0,54.0,18.0,29.25,40.5,,,,,,,,,,,,,,Polyurethane,,,,,,,,,,,,
,38.25,45.0,54.0,18.0,29.25,40.5,,,,,,,,,,,,,,Primed,,,,,,,,,,,,
,38.25,45.0,54.0,18.0,29.25,40.5,,,,,,,,,,,,,,PVC,,,,,,,,,,,,
,38.25,45.0,54.0,18.0,29.25,40.5,,,,,,,,,,,,,,Resin,,,,,,,,,,,,
,38.25,45.0,54.0,18.0,29.25,40.5,,,,,,,,,,,,,,Unfinished,,,,,,,,,,,,
,38.25,45.0,54.0,18.0,29.25,40.5,,,,,,,,,,,,,,Wood,,,,,,,,,,,,
,38.25,45.0,54.0,18.0,29.25,40.5,,,,,,,,,,,,,,,Anti-Microbial Toilets,,,,,,,,,,,
,38.25,45.0,54.0,18.0,29.25,40.5,,,,,,,,,,,,,,,Bedside Commodes,,,,,,,,,,,
,38.25,45.0,54.0,18.0,29.25,40.5,,,,,,,,,,,,,,,Bidet Faucets,,,,,,,,,,,
,38.25,45.0,54.0,18.0,29.25,40.5,,,,,,,,,,,,,,,Bidet Toilet Seats,,,,,,,,,,,
,38.25,45.0,54.0,18.0,29.25,40.5,,,,,,,,,,,,,,,Bidet Toilets,,,,,,,,,,,
,38.25,45.0,54.0,18.0,29.25,40.5,,,,,,,,,,,,,,,Bidets,,,,,,,,,,,
,38.25,45.0,54.0,18.0,29.25,40.5,,,,,,,,,,,,,,,Composting Toilets,,,,,,,,,,,
,38.25,45.0,54.0,18.0,29.25,40.5,,,,,,,,,,,,,,,Concealed Trapway Toilets,,,,,,,,,,,
,38.25,45.0,54.0,18.0,29.25,40.5,,,,,,,,,,,,,,,Elevated Toilet Seats,,,,,,,,,,,
,38.25,45.0,54.0,18.0,29.25,40.5,,,,,,,,,,,,,,,Elongated Toilets,,,,,,,,,,,
,38.25,45.0,54.0,18.0,29.25,40.5,,,,,,,,,,,,,,,Fill Valves,,,,,,,,,,,
,38.25,45.0,54.0,18.0,29.25,40.5,,,,,,,,,,,,,,,Freestanding Bidet Toilets,,,,,,,,,,,
,38.25,45.0,54.0,18.0,29.25,40.5,,,,,,,,,,,,,,,Gaskets,,,,,,,,,,,
,38.25,45.0,54.0,18.0,29.25,40.5,,,,,,,,,,,,,,,Grab Bars,,,,,,,,,,,
,38.25,45.0,54.0,18.0,29.25,40.5,,,,,,,,,,,,,,,Heated Seat Toilets,,,,,,,,,,,
,38.25,45.0,54.0,18.0,29.25,40.5,,,,,,,,,,,,,,,One-Piece Toilets,,,,,,,,,,,
,38.25,45.0,54.0,18.0,29.25,40.5,,,,,,,,,,,,,,,Round Toilets,,,,,,,,,,,
,38.25,45.0,54.0,18.0,29.25,40.5,,,,,,,,,,,,,,,Seals,,,,,,,,,,,
,38.25,45.0,54.0,18.0,29.25,40.5,,,,,,,,,,,,,,,Soft-Close Toilets,,,,,,,,,,,
,38.25,45.0,54.0,18.0,29.25,40.5,,,,,,,,,,,,,,,Supply Lines,,,,,,,,,,,
,38.25,45.0,54.0,18.0,29.25,40.5,,,,,,,,,,,,,,,Tank Levers,,,,,,,,,,,
,38.25,45.0,54.0,18.0,29.25,40.5,,,,,,,,,,,,,,,Toilet Bowls,,,,,,,,,,,
,38.25,45.0,54.0,18.0,29.25,40.5,,,,,,,,,,,,,,,Toilet Paper Holders,,,,,,,,,,,
,38.25,45.0,54.0,18.0,29.25,40.5,,,,,,,,,,,,,,,Toilet Parts,,,,,,,,,,,
,38.25,45.0,54.0,18.0,29.25,40.5,,,,,,,,,,,,,,,Toilet Repair Kits,,,,,,,,,,,
,38.25,45.0,54.0,18.0,29.25,40.5,,,,,,,,,,,,,,,Toilet Seat Risers,,,,,,,,,,,
,38.25,45.0,54.0,18.0,29.25,40.5,,,,,,,,,,,,,,,Toilet Seats,,,,,,,,,,,
,38.25,45.0,54.0,18.0,29.25,40.5,,,,,,,,,,,,,,,Toilet Tank Covers,,,,,,,,,,,
,38.25,45.0,54.0,18.0,29.25,40.5,,,,,,,,,,,,,,,Toilet Tanks,,,,,,,,,,,
,38.25,45.0,54.0,18.0,29.25,40.5,,,,,,,,,,,,,,,Two-Piece Toilets,,,,,,,,,,,
,38.25,45.0,54.0,18.0,29.25,40.5,,,,,,,,,,,,,,,Urinals,,,,,,,,,,,
,38.25,45.0,54.0,18.0,29.25,40.5,,,,,,,,,,,,,,,Water-Saving Toilets,,,,,,,,,,,
,38.25,45.0,54.0,18.0,29.25,40.5,,,,,,,,,,,,,,,Wax Rings,,,,,,,,,,,
,38.25,45.0,54.0,18.0,29.25,40.5,,,,,,,,,,,,,,,,Automotive Paint,,,,,,,,,,
,38.25,45.0,54.0,18.0,29.25,40.5,,,,,,,,,,,,,,,,Bathtub Paint,,,,,,,,,,
,38.25,45.0,54.0,18.0,29.25,40.5,,,,,,,,,,,,,,,,Cabinet Paint,,,,,,,,,,
,38.25,45.0,54.0,18.0,29.25,40.5,,,,,,,,,,,,,,,,Caulk and Sealants,,,,,,,,,,
,38.25,45.0,54.0,18.0,29.25,40.5,,,,,,,,,,,,,,,,Caulk Guns,,,,,,,,,,
,38.25,45.0,54.0,18.0,29.25,40.5,,,,,,,,,,,,,,,,Ceiling Paint,,,,,,,,,,
,38.25,45.0,54.0,18.0,29.25,40.5,,,,,,,,,,,,,,,,Concrete Sealers,,,,,,,,,,
,38.25,45.0,54.0,18.0,29.25,40.5,,,,,,,,,,,,,,,,Deck Stain,,,,,,,,,,
,38.25,45.0,54.0,18.0,29.25,40.5,,,,,,,,,,,,,,,,Exterior Paint,,,,,,,,,,
,38.25,45.0,54.0,18.0,29.25,40.5,,,,,,,,,,,,,,,,Exterior Wood Coatings,,,,,,,,,,
,38.25,45.0,54.0,18.0,29.25,40.5,,,,,,,,,,,,,,,,Exterior Wood Stains,,,,,,,,,,
,38.25,45.0,54.0,18.0,29.25,40.5,,,,,,,,,,,,,,,,Garage Floor Paint,,,,,,,,,,
,38.25,45.0,54.0,18.0,29.25,40.5,,,,,,,,,,,,,,,,Heat Guns,,,,,,,,,,
,38.25,45.0,54.0,18.0,29.25,40.5,,,,,,,,,,,,,,,,Interior Paint,,,,,,,,,,
,38.25,45.0,54.0,18.0,29.25,40.5,,,,,,,,,,,,,,,,Interior Wood Stains,,,,,,,,,,
,38.25,45.0,54.0,18.0,29.25,40.5,,,,,,,,,,,,,,,,Masonry Paint,,,,,,,,,,
,38.25,45.0,54.0,18.0,29.25,40.5,,,,,,,,,,,,,,,,Paint Brushes,,,,,,,,,,
,38.25,45.0,54.0,18.0,29.25,40.5,,,,,,,,,,,,,,,,Paint Buckets,,,,,,,,,,
,38.25,45.0,54.0,18.0,29.25,40.5,,,,,,,,,,,,,,,,Paint Rollers,,,,,,,,,,
,38.25,45.0,54.0,18.0,29.25,40.5,,,,,,,,,,,,,,,,Paint Samples,,,,,,,,,,
,38.25,45.0,54.0,18.0,29.25,40.5,,,,,,,,,,,,,,,,Paint Sprayers,,,,,,,,,,
,38.25,45.0,54.0,18.0,29.25,40.5,,,,,,,,,,,,,,,,Painter's Tape,,,,,,,,,,
,38.25,45.0,54.0,18.0,29.25,40.5,,,,,,,,,,,,,,,,Plastic Sheeting,,,,,,,,,,
,38.25,45.0,54.0,18.0,29.25,40.5,,,,,,,,,,,,,,,,Polyurethane Wood Finish,,,,,,,,,,
,38.25,45.0,54.0,18.0,29.25,40.5,,,,,,,,,,,,,,,,Pool Paint,,,,,,,,,,
,38.25,45.0,54.0,18.0,29.25,40.5,,,,,,,,,,,,,,,,Primers,,,,,,,,,,
,38.25,45.0,54.0,18.0,29.25,40.5,,,,,,,,,,,,,,,,Respirator Masks,,,,,,,,,,
,38.25,45.0,54.0,18.0,29.25,40.5,,,,,,,,,,,,,,,,Spray Paint,,,,,,,,,,
,38.25,45.0,54.0,18.0,29.25,40.5,,,,,,,,,,,,,,,,Tarps,,,,,,,,,,
,38.25,45.0,54.0,18.0,29.25,40.5,,,,,,,,,,,,,,,,Tile Paint,,,,,,,,,,
,38.25,45.0,54.0,18.0,29.25,40.5,,,,,,,,,,,,,,,,,Alloy Steel,,,,,,,,,
,38.25,45.0,54.0,18.0,29.25,40.5,,,,,,,,,,,,,,,,,Aluminum,,,,,,,,,
,38.25,45.0,54.0,18.0,29.25,40.5,,,,,,,,,,,,,,,,,Angle,,,,,,,,,
,38.25,45.0,54.0,18.0,29.25,40.5,,,,,,,,,,,,,,,,,Bar Grating,,,,,,,,,
,38.25,45.0,54.0,18.0,29.25,40.5,,,,,,,,,,,,,,,,,Beams,,,,,,,,,
,38.25,45.0,54.0,18.0,29.25,40.5,,,,,,,,,,,,,,,,,Brass,,,,,,,,,
,38.25,45.0,54.0,18.0,29.25,40.5,,,,,,,,,,,,,,,,,Channel,,,,,,,,,
,38.25,45.0,54.0,18.0,29.25,40.5,,,,,,,,,,,,,,,,,Cold Finish Steel,,,,,,,,,
,38.25,45.0,54.0,18.0,29.25,40.5,,,,,,,,,,,,,,,,,Copper,,,,,,,,,
,38.25,45.0,54.0,18.0,29.25,40.5,,,,,,,,,,,,,,,,,Diamond Plate,,,,,,,,,
,38.25,45.0,54.0,18.0,29.25,40.5,,,,,,,,,,,,,,,,,Expanded Sheet,,,,,,,,,
,38.25,45.0,54.0,18.0,29.25,40.5,,,,,,,,,,,,,,,,,Flat Bar,,,,,,,,,
,38.25,45.0,54.0,18.0,29.25,40.5,,,,,,,,,,,,,,,,,Galvanized,,,,,,,,,
,38.25,45.0,54.0,18.0,29.25,40.5,,,,,,,,,,,,,,,,,Galvanized Steel,,,,,,,,,
,38.25,45.0,54.0,18.0,29.25,40.5,,,,,,,,,,,,,,,,,Hot Roll Steel,,,,,,,,,
,38.25,45.0,54.0,18.0,29.25,40.5,,,,,,,,,,,,,,,,,Perforated Sheet,,,,,,,,,
,38.25,45.0,54.0,18.0,29.25,40.5,,,,,,,,,,,,,,,,,Pipe,,,,,,,,,
,38.25,45.0,54.0,18.0,29.25,40.5,,,,,,,,,,,,,,,,,Plate,,,,,,,,,
,38.25,45.0,54.0,18.0,29.25,40.5,,,,,,,,,,,,,,,,,Rectangle Tube,,,,,,,,,
,38.25,45.0,54.0,18.0,29.25,40.5,,,,,,,,,,,,,,,,,Round Bar,,,,,,,,,
,38.25,45.0,54.0,18.0,29.25,40.5,,,,,,,,,,,,,,,,,Round Tube,,,,,,,,,
,38.25,45.0,54.0,18.0,29.25,40.5,,,,,,,,,,,,,,,,,Safety Grating,,,,,,,,,
,38.25,45.0,54.0,18.0,29.25,40.5,,,,,,,,,,,,,,,,,Sheet,,,,,,,,,
,38.25,45.0,54.0,18.0,29.25,40.5,,,,,,,,,,,,,,,,,Specialty Metals,,,,,,,,,
,38.25,45.0,54.0,18.0,29.25,40.5,,,,,,,,,,,,,,,,,Square Bar,,,,,,,,,
,38.25,45.0,54.0,18.0,29.25,40.5,,,,,,,,,,,,,,,,,Square Tube,,,,,,,,,
,38.25,45.0,54.0,18.0,29.25,40.5,,,,,,,,,,,,,,,,,Stainless Steel,,,,,,,,,
,38.25,45.0,54.0,18.0,29.25,40.5,,,,,,,,,,,,,,,,,Steel,,,,,,,,,
,38.25,45.0,54.0,18.0,29.25,40.5,,,,,,,,,,,,,,,,,Tool Steel,,,,,,,,,
,38.25,45.0,54.0,18.0,29.25,40.5,,,,,,,,,,,,,,,,,,2-Hole Faucets,,,,,,,,
,38.25,45.0,54.0,18.0,29.25,40.5,,,,,,,,,,,,,,,,,,3-Hole Faucets,,,,,,,,
,38.25,45.0,54.0,18.0,29.25,40.5,,,,,,,,,,,,,,,,,,4-Hole Faucets,,,,,,,,
,38.25,45.0,54.0,18.0,29.25,40.5,,,,,,,,,,,,,,,,,,Bathtub and Shower Faucet Combos,,,,,,,,
,38.25,45.0,54.0,18.0,29.25,40.5,,,,,,,,,,,,,,,,,,Centerset Sink Faucets,,,,,,,,
,38.25,45.0,54.0,18.0,29.25,40.5,,,,,,,,,,,,,,,,,,Claw Foot Tub Faucets,,,,,,,,
,38.25,45.0,54.0,18.0,29.25,40.5,,,,,,,,,,,,,,,,,,Double Handle Faucets,,,,,,,,
,38.25,45.0,54.0,18.0,29.25,40.5,,,,,,,,,,,,,,,,,,Dual Shower Heads,,,,,,,,
,38.25,45.0,54.0,18.0,29.25,40.5,,,,,,,,,,,,,,,,,,Faucet Handles,,,,,,,,
,38.25,45.0,54.0,18.0,29.25,40.5,,,,,,,,,,,,,,,,,,Fixed Shower Heads,,,,,,,,
,38.25,45.0,54.0,18.0,29.25,40.5,,,,,,,,,,,,,,,,,,Handheld Shower Heads,,,,,,,,
,38.25,45.0,54.0,18.0,29.25,40.5,,,,,,,,,,,,,,,,,,Handheld Shower Mounts,,,,,,,,
,38.25,45.0,54.0,18.0,29.25,40.5,,,,,,,,,,,,,,,,,,Pull Down Faucets,,,,,,,,
,38.25,45.0,54.0,18.0,29.25,40.5,,,,,,,,,,,,,,,,,,Pull Out Faucets,,,,,,,,
,38.25,45.0,54.0,18.0,29.25,40.5,,,,,,,,,,,,,,,,,,Roman Tub Faucets,,,,,,,,
,38.25,45.0,54.0,18.0,29.25,40.5,,,,,,,,,,,,,,,,,,Shower Arms,,,,,,,,
,38.25,45.0,54.0,18.0,29.25,40.5,,,,,,,,,,,,,,,,,,Shower Hoses,,,,,,,,
,38.25,45.0,54.0,18.0,29.25,40.5,,,,,,,,,,,,,,,,,,Shower Jets,,,,,,,,
,38.25,45.0,54.0,18.0,29.25,40.5,,,,,,,,,,,,,,,,,,Shower Slide Bars,,,,,,,,
,38.25,45.0,54.0,18.0,29.25,40.5,,,,,,,,,,,,,,,,,,Shower Towers,,,,,,,,
,38.25,45.0,54.0,18.0,29.25,40.5,,,,,,,,,,,,,,,,,,Single Handle Faucets,,,,,,,,
,38.25,45.0,54.0,18.0,29.25,40.5,,,,,,,,,,,,,,,,,,Touchless Faucets,,,,,,,,
,38.25,45.0,54.0,18.0,29.25,40.5,,,,,,,,,,,,,,,,,,Vessel Sink Faucets,,,,,,,,
,38.25,45.0,54.0,18.0,29.25,40.5,,,,,,,,,,,,,,,,,,Wall Bar Shower Towers,,,,,,,,
,38.25,45.0,54.0,18.0,29.25,40.5,,,,,,,,,,,,,,,,,,Wall Mounted Sink Faucets,,,,,,,,
,38.25,45.0,54.0,18.0,29.25,40.5,,,,,,,,,,,,,,,,,,Widespread Sink Faucets,,,,,,,,
,38.25,45.0,54.0,18.0,29.25,40.5,,,,,,,,,,,,,,,,,,,Corner Braces,,,,,,,
,38.25,45.0,54.0,18.0,29.25,40.5,,,,,,,,,,,,,,,,,,,Joist Hangers,,,,,,,
,38.25,45.0,54.0,18.0,29.25,40.5,,,,,,,,,,,,,,,,,,,Post Brackets,,,,,,,
,38.25,45.0,54.0,18.0,29.25,40.5,,,,,,,,,,,,,,,,,,,,Corner Caps,,,,,,
,38.25,45.0,54.0,18.0,29.25,40.5,,,,,,,,,,,,,,,,,,,,Drywall Benches ,,,,,,
,38.25,45.0,54.0,18.0,29.25,40.5,,,,,,,,,,,,,,,,,,,,Drywall Framing,,,,,,
,38.25,45.0,54.0,18.0,29.25,40.5,,,,,,,,,,,,,,,,,,,,Drywall Joint Compound,,,,,,
,38.25,45.0,54.0,18.0,29.25,40.5,,,,,,,,,,,,,,,,,,,,Drywall Panels,,,,,,
,38.25,45.0,54.0,18.0,29.25,40.5,,,,,,,,,,,,,,,,,,,,Drywall Repair,,,,,,
,38.25,45.0,54.0,18.0,29.25,40.5,,,,,,,,,,,,,,,,,,,,Drywall Sheets,,,,,,
,38.25,45.0,54.0,18.0,29.25,40.5,,,,,,,,,,,,,,,,,,,,Drywall Stilts,,,,,,
,38.25,45.0,54.0,18.0,29.25,40.5,,,,,,,,,,,,,,,,,,,,Drywall Tape,,,,,,
,38.25,45.0,54.0,18.0,29.25,40.5,,,,,,,,,,,,,,,,,,,,Drywall Tools,,,,,,
,38.25,45.0,54.0,18.0,29.25,40.5,,,,,,,,,,,,,,,,,,,,,Composite Fencing,,,,,
,38.25,45.0,54.0,18.0,29.25,40.5,,,,,,,,,,,,,,,,,,,,,Driveway Gates,,,,,
,38.25,45.0,54.0,18.0,29.25,40.5,,,,,,,,,,,,,,,,,,,,,Electric Fenching,,,,,
,38.25,45.0,54.0,18.0,29.25,40.5,,,,,,,,,,,,,,,,,,,,,Fence Hardware,,,,,
,38.25,45.0,54.0,18.0,29.25,40.5,,,,,,,,,,,,,,,,,,,,,Fence Post Caps,,,,,
,38.25,45.0,54.0,18.0,29.25,40.5,,,,,,,,,,,,,,,,,,,,,Gate Openers,,,,,
,38.25,45.0,54.0,18.0,29.25,40.5,,,,,,,,,,,,,,,,,,,,,Metal Fencing,,,,,
,38.25,45.0,54.0,18.0,29.25,40.5,,,,,,,,,,,,,,,,,,,,,Parts,,,,,
,38.25,45.0,54.0,18.0,29.25,40.5,,,,,,,,,,,,,,,,,,,,,Rolled Fencing,,,,,
,38.25,45.0,54.0,18.0,29.25,40.5,,,,,,,,,,,,,,,,,,,,,Temporary Fencing,,,,,
,38.25,45.0,54.0,18.0,29.25,40.5,,,,,,,,,,,,,,,,,,,,,Tools,,,,,
,38.25,45.0,54.0,18.0,29.25,40.5,,,,,,,,,,,,,,,,,,,,,Vinyl Fencing,,,,,
,38.25,45.0,54.0,18.0,29.25,40.5,,,,,,,,,,,,,,,,,,,,,Wood Fencing,,,,,
,38.25,45.0,54.0,18.0,29.25,40.5,,,,,,,,,,Brick Veneer Siding,,,,,,,,,,,,,,,,
,38.25,45.0,54.0,18.0,29.25,40.5,,,,,,,,,,Composite Siding,,,,,,,,,,,,,,,,
,38.25,45.0,54.0,18.0,29.25,40.5,,,,,,,,,,Engineered Wood Siding,,,,,,,,,,,,,,,,
,38.25,45.0,54.0,18.0,29.25,40.5,,,,,,,,,,Fiber Cement Siding,,,,,,,,,,,,,,,,
,38.25,45.0,54.0,18.0,29.25,40.5,,,,,,,,,,Gascia,,,,,,,,,,,,,,,,
,38.25,45.0,54.0,18.0,29.25,40.5,,,,,,,,,,Metal Siding Trim,,,,,,,,,,,,,,,,
,38.25,45.0,54.0,18.0,29.25,40.5,,,,,,,,,,Mounting Blocks,,,,,,,,,,,,,,,,
,38.25,45.0,54.0,18.0,29.25,40.5,,,,,,,,,,Siding Tools,,,,,,,,,,,,,,,,
,38.25,45.0,54.0,18.0,29.25,40.5,,,,,,,,,,Skirting,,,,,,,,,,,,,,,,
,38.25,45.0,54.0,18.0,29.25,40.5,,,,,,,,,,Soffit,,,,,,,,,,,,,,,,
,38.25,45.0,54.0,18.0,29.25,40.5,,,,,,,,,,Stone Veneer Siding,,,,,,,,,,,,,,,,
,38.25,45.0,54.0,18.0,29.25,40.5,,,,,,,,,,Trim,,,,,,,,,,,,,,,,
,38.25,45.0,54.0,18.0,29.25,40.5,,,,,,,,,,Vinyl Siding,,,,,,,,,,,,,,,,
,38.25,45.0,54.0,18.0,29.25,40.5,,,,,,,,,,Wood Siding,,,,,,,,,,,,,,,,
,38.25,45.0,54.0,18.0,29.25,40.5,,,,,,,,,,Z Flashing,,,,,,,,,,,,,,,,
,38.25,45.0,54.0,18.0,29.25,40.5,,,,,,,,,,Handrails,,,,,,,,,,,,,,,,
,38.25,45.0,54.0,18.0,29.25,40.5,,,,,,,,,,Installation Kits,,,,,,,,,,,,,,,,
,38.25,45.0,54.0,18.0,29.25,40.5,,,,,,,,,,Interior Railings,,,,,,,,,,,,,,,,
,38.25,45.0,54.0,18.0,29.25,40.5,,,,,,,,,,Interior Stair Parts,,,,,,,,,,,,,,,,
,38.25,45.0,54.0,18.0,29.25,40.5,,,,,,,,,,Stair Balusters,,,,,,,,,,,,,,,,
,38.25,45.0,54.0,18.0,29.25,40.5,,,,,,,,,,Stair Newel Posts,,,,,,,,,,,,,,,,
,38.25,45.0,54.0,18.0,29.25,40.5,,,,,,,,,,Stair Nosing,,,,,,,,,,,,,,,,
,38.25,45.0,54.0,18.0,29.25,40.5,,,,,,,,,,Stair Risers,,,,,,,,,,,,,,,,
,38.25,45.0,54.0,18.0,29.25,40.5,,,,,,,,,,Stair Treads,,,,,,,,,,,,,,,,
,38.25,45.0,54.0,18.0,29.25,40.5,,,,,,,,,,Staircase Kits,,,,,,,,,,,,,,,,
,38.25,45.0,54.0,18.0,29.25,40.5,,,,,,,,,,Air Compressors,,,,,,,,,,,,,,,,
,38.25,45.0,54.0,18.0,29.25,40.5,,,,,,,,,,Air Tools,,,,,,,,,,,,,,,,
,38.25,45.0,54.0,18.0,29.25,40.5,,,,,,,,,,Automotive,,,,,,,,,,,,,,,,
,38.25,45.0,54.0,18.0,29.25,40.5,,,,,,,,,,Hand Tools,,,,,,,,,,,,,,,,
,38.25,45.0,54.0,18.0,29.25,40.5,,,,,,,,,,Nail Guns,,,,,,,,,,,,,,,,
,38.25,45.0,54.0,18.0,29.25,40.5,,,,,,,,,,Outdoor Power Equipment,,,,,,,,,,,,,,,,
,38.25,45.0,54.0,18.0,29.25,40.5,,,,,,,,,,Power Tools,,,,,,,,,,,,,,,,
,38.25,45.0,54.0,18.0,29.25,40.5,,,,,,,,,,Safety and Security Tools,,,,,,,,,,,,,,,,
,38.25,45.0,54.0,18.0,29.25,40.5,,,,,,,,,,Safety Equipment,,,,,,,,,,,,,,,,
,38.25,45.0,54.0,18.0,29.25,40.5,,,,,,,,,,Shop Vacuums,,,,,,,,,,,,,,,,
,38.25,45.0,54.0,18.0,29.25,40.5,,,,,,,,,,Tool Storage,,,,,,,,,,,,,,,,
,38.25,45.0,54.0,18.0,29.25,40.5,,,,,,,,,,Water Damage Remediation,,,,,,,,,,,,,,,,
,38.25,45.0,54.0,18.0,29.25,40.5,,,,,,,,,,Welding and Soldering Tools,,,,,,,,,,,,,,,,
,38.25,45.0,54.0,18.0,29.25,40.5,,,,,,,,,,Workwear,,,,,,,,,,,,,,,,
,38.25,45.0,54.0,18.0,29.25,40.5,,,,,,,,,,Aluminum Windows,,,,,,,,,,,,,,,,
,38.25,45.0,54.0,18.0,29.25,40.5,,,,,,,,,,Awning Windows,,,,,,,,,,,,,,,,
,38.25,45.0,54.0,18.0,29.25,40.5,,,,,,,,,,Bay Windows,,,,,,,,,,,,,,,,
,38.25,45.0,54.0,18.0,29.25,40.5,,,,,,,,,,Blinds,,,,,,,,,,,,,,,,
,38.25,45.0,54.0,18.0,29.25,40.5,,,,,,,,,,Casement Windows,,,,,,,,,,,,,,,,
,38.25,45.0,54.0,18.0,29.25,40.5,,,,,,,,,,Clad Wood Windows,,,,,,,,,,,,,,,,
,38.25,45.0,54.0,18.0,29.25,40.5,,,,,,,,,,Curtains,,,,,,,,,,,,,,,,
,38.25,45.0,54.0,18.0,29.25,40.5,,,,,,,,,,Double-Hung Windows,,,,,,,,,,,,,,,,
,38.25,45.0,54.0,18.0,29.25,40.5,,,,,,,,,,Drapes,,,,,,,,,,,,,,,,
,38.25,45.0,54.0,18.0,29.25,40.5,,,,,,,,,,Egress Windows,,,,,,,,,,,,,,,,
,38.25,45.0,54.0,18.0,29.25,40.5,,,,,,,,,,Exterior Shutters,,,,,,,,,,,,,,,,
,38.25,45.0,54.0,18.0,29.25,40.5,,,,,,,,,,Insulated Windows,,,,,,,,,,,,,,,,
,38.25,45.0,54.0,18.0,29.25,40.5,,,,,,,,,,Picture Windows,,,,,,,,,,,,,,,,
,38.25,45.0,54.0,18.0,29.25,40.5,,,,,,,,,,Plantation Shutters,,,,,,,,,,,,,,,,
,38.25,45.0,54.0,18.0,29.25,40.5,,,,,,,,,,Shades,,,,,,,,,,,,,,,,
,38.25,45.0,54.0,18.0,29.25,40.5,,,,,,,,,,Shaped Windows,,,,,,,,,,,,,,,,
,38.25,45.0,54.0,18.0,29.25,40.5,,,,,,,,,,Single-Hung Windows,,,,,,,,,,,,,,,,
,38.25,45.0,54.0,18.0,29.25,40.5,,,,,,,,,,Sliding Windows,,,,,,,,,,,,,,,,
,38.25,45.0,54.0,18.0,29.25,40.5,,,,,,,,,,Vinyl Windows,,,,,,,,,,,,,,,,
,38.25,45.0,54.0,18.0,29.25,40.5,,,,,,,,,,Window Film,,,,,,,,,,,,,,,,
,38.25,45.0,54.0,18.0,29.25,40.5,,,,,,,,,,Window Latches,,,,,,,,,,,,,,,,
,38.25,45.0,54.0,18.0,29.25,40.5,,,,,,,,,,Window Locks,,,,,,,,,,,,,,,,
,38.25,45.0,54.0,18.0,29.25,40.5,,,,,,,,,,Window Screens,,,,,,,,,,,,,,,,
,38.25,45.0,54.0,18.0,29.25,40.5,,,,,,,,,,Window Security Bars,,,,,,,,,,,,,,,,
,38.25,45.0,54.0,18.0,29.25,40.5,,,,,,,,,,Window Well Covers,,,,,,,,,,,,,,,,
,38.25,45.0,54.0,18.0,29.25,40.5,,,,,,,,,,Window Wells,,,,,,,,,,,,,,,,
,38.25,45.0,54.0,18.0,29.25,40.5,,,,,,,,,,Wood Windows,,,,,,,,,,,,,,,,
,38.25,45.0,54.0,18.0,29.25,40.5,,,,,,,,,,,,,,,,,,,,,,Accessories,,,,
,38.25,45.0,54.0,18.0,29.25,40.5,,,,,,,,,,,,,,,,,,,,,,Attic Ladders,,,,
,38.25,45.0,54.0,18.0,29.25,40.5,,,,,,,,,,,,,,,,,,,,,,Extension Ladders,,,,
,38.25,45.0,54.0,18.0,29.25,40.5,,,,,,,,,,,,,,,,,,,,,,Fire Escape Ladders,,,,
,38.25,45.0,54.0,18.0,29.25,40.5,,,,,,,,,,,,,,,,,,,,,,Leaning Step Ladders,,,,
,38.25,45.0,54.0,18.0,29.25,40.5,,,,,,,,,,,,,,,,,,,,,,Library Ladders,,,,
,38.25,45.0,54.0,18.0,29.25,40.5,,,,,,,,,,,,,,,,,,,,,,Multi-Position Ladders,,,,
,38.25,45.0,54.0,18.0,29.25,40.5,,,,,,,,,,,,,,,,,,,,,,Orchard Ladders,,,,
,38.25,45.0,54.0,18.0,29.25,40.5,,,,,,,,,,,,,,,,,,,,,,Platform Ladders,,,,
,38.25,45.0,54.0,18.0,29.25,40.5,,,,,,,,,,,,,,,,,,,,,,Podium Ladders,,,,
,38.25,45.0,54.0,18.0,29.25,40.5,,,,,,,,,,,,,,,,,,,,,,Step Ladders,,,,
,38.25,45.0,54.0,18.0,29.25,40.5,,,,,,,,,,,,,,,,,,,,,,Step Stools,,,,
,38.25,45.0,54.0,18.0,29.25,40.5,,,,,,,,,,,,,,,,,,,,,,Straight Ladders,,,,
,38.25,45.0,54.0,18.0,29.25,40.5,,,,,,,,,,,,,,,,,,,,,,Trestle Ladders,,,,
,38.25,45.0,54.0,18.0,29.25,40.5,,,,,,,,,,,,,,,,,,,,,,Work Platform,,,,
,38.25,45.0,54.0,18.0,29.25,40.5,,,,,,,,,,,,,,,,,,,,,,,Gauge: 16,,,
,38.25,45.0,54.0,18.0,29.25,40.5,,,,,,,,,,,,,,,,,,,,,,,Red,,,
,38.25,45.0,54.0,18.0,29.25,40.5,,,,,,,,,,,,,,,,,,,,,,,Swivel Plate,,,
,38.25,45.0,54.0,18.0,29.25,40.5,,,,,,,,,,,,,,,,,,,,,,,Swivel Plate: No,,,
,38.25,45.0,54.0,18.0,29.25,40.5,,,,,,,,,,Batt Insulation,,,,,,,,,,,,,,,,
,38.25,45.0,54.0,18.0,29.25,40.5,,,,,,,,,,Blow-In Insulation,,,,,,,,,,,,,,,,
,38.25,45.0,54.0,18.0,29.25,40.5,,,,,,,,,,Fiberglass Insulation,,,,,,,,,,,,,,,,
,38.25,45.0,54.0,18.0,29.25,40.5,,,,,,,,,,Foam Board Insulation,,,,,,,,,,,,,,,,
,38.25,45.0,54.0,18.0,29.25,40.5,,,,,,,,,,House Tape,,,,,,,,,,,,,,,,
,38.25,45.0,54.0,18.0,29.25,40.5,,,,,,,,,,House Wrap,,,,,,,,,,,,,,,,
,38.25,45.0,54.0,18.0,29.25,40.5,,,,,,,,,,Roll Insulation,,,,,,,,,,,,,,,,
,38.25,45.0,54.0,18.0,29.25,40.5,,,,,,,,,,Spray Foam Insulation,,,,,,,,,,,,,,,,
,38.25,45.0,54.0,18.0,29.25,40.5,,,,,,,,,,Supports,,,,,,,,,,,,,,,,
,38.25,45.0,54.0,18.0,29.25,40.5,,,,,,,,,,Base Kits,,,,,,,,,,,,,,,,
,38.25,45.0,54.0,18.0,29.25,40.5,,,,,,,,,,Column Cap,,,,,,,,,,,,,,,,
,38.25,45.0,54.0,18.0,29.25,40.5,,,,,,,,,,Column Hardware,,,,,,,,,,,,,,,,
,38.25,45.0,54.0,18.0,29.25,40.5,,,,,,,,,,Column Wraps,,,,,,,,,,,,,,,,
,38.25,45.0,54.0,18.0,29.25,40.5,,,,,,,,,,Round,,,,,,,,,,,,,,,,
,38.25,45.0,54.0,18.0,29.25,40.5,,,,,,,,,,Square,,,,,,,,,,,,,,,,
,38.25,45.0,54.0,18.0,29.25,40.5,,,,,,,,,,,,,,,,,,,,,,,,Artificial Grass,,
,38.25,45.0,54.0,18.0,29.25,40.5,,,,,,,,,,,,,,,,,,,,,,,,Backsplash Tile,,
,38.25,45.0,54.0,18.0,29.25,40.5,,,,,,,,,,,,,,,,,,,,,,,,Bamboo Flooring,,
,38.25,45.0,54.0,18.0,29.25,40.5,,,,,,,,,,,,,,,,,,,,,,,,Bathroom Flooring,,
,38.25,45.0,54.0,18.0,29.25,40.5,,,,,,,,,,,,,,,,,,,,,,,,Carpet,,
,38.25,45.0,54.0,18.0,29.25,40.5,,,,,,,,,,,,,,,,,,,,,,,,Carpet Pad,,
,38.25,45.0,54.0,18.0,29.25,40.5,,,,,,,,,,,,,,,,,,,,,,,,Carpet Tile,,
,38.25,45.0,54.0,18.0,29.25,40.5,,,,,,,,,,,,,,,,,,,,,,,,Ceramic Tile,,
,38.25,45.0,54.0,18.0,29.25,40.5,,,,,,,,,,,,,,,,,,,,,,,,Cork Flooring,,
,38.25,45.0,54.0,18.0,29.25,40.5,,,,,,,,,,,,,,,,,,,,,,,,Engineered Hardwood,,
,38.25,45.0,54.0,18.0,29.25,40.5,,,,,,,,,,,,,,,,,,,,,,,,Floor Tile,,
,38.25,45.0,54.0,18.0,29.25,40.5,,,,,,,,,,,,,,,,,,,,,,,,Flooring Adhesives,,
,38.25,45.0,54.0,18.0,29.25,40.5,,,,,,,,,,,,,,,,,,,,,,,,Flooring Supplies,,
,38.25,45.0,54.0,18.0,29.25,40.5,,,,,,,,,,,,,,,,,,,,,,,,Flooring Tools,,
,38.25,45.0,54.0,18.0,29.25,40.5,,,,,,,,,,,,,,,,,,,,,,,,Flooring Underlayment,,
,38.25,45.0,54.0,18.0,29.25,40.5,,,,,,,,,,,,,,,,,,,,,,,,Foam Gym Mats,,
,38.25,45.0,54.0,18.0,29.25,40.5,,,,,,,,,,,,,,,,,,,,,,,,Garage Floor Mats,,
,38.25,45.0,54.0,18.0,29.25,40.5,,,,,,,,,,,,,,,,,,,,,,,,Garage Floor Tile,,
,38.25,45.0,54.0,18.0,29.25,40.5,,,,,,,,,,,,,,,,,,,,,,,,Garage Flooring,,
,38.25,45.0,54.0,18.0,29.25,40.5,,,,,,,,,,,,,,,,,,,,,,,,Garage Flooring Rolls,,
,38.25,45.0,54.0,18.0,29.25,40.5,,,,,,,,,,,,,,,,,,,,,,,,Glue Down Flooring,,
,38.25,45.0,54.0,18.0,29.25,40.5,,,,,,,,,,,,,,,,,,,,,,,,Grip Strip Flooring,,
,38.25,45.0,54.0,18.0,29.25,40.5,,,,,,,,,,,,,,,,,,,,,,,,Gym Flooring,,
,38.25,45.0,54.0,18.0,29.25,40.5,,,,,,,,,,,,,,,,,,,,,,,,Hardwood Flooring,,
,38.25,45.0,54.0,18.0,29.25,40.5,,,,,,,,,,,,,,,,,,,,,,,,Hybrid Resilient Flooring,,
,38.25,45.0,54.0,18.0,29.25,40.5,,,,,,,,,,,,,,,,,,,,,,,,Indoor Carpet,,
,38.25,45.0,54.0,18.0,29.25,40.5,,,,,,,,,,,,,,,,,,,,,,,,Interlocking Floor Mats,,
,38.25,45.0,54.0,18.0,29.25,40.5,,,,,,,,,,,,,,,,,,,,,,,,Interlocking Gym Mats,,
,38.25,45.0,54.0,18.0,29.25,40.5,,,,,,,,,,,,,,,,,,,,,,,,Kitchen Backsplashes,,
,38.25,45.0,54.0,18.0,29.25,40.5,,,,,,,,,,,,,,,,,,,,,,,,Kitchen Flooring,,
,38.25,45.0,54.0,18.0,29.25,40.5,,,,,,,,,,,,,,,,,,,,,,,,Laminate Floor Tile,,
,38.25,45.0,54.0,18.0,29.25,40.5,,,,,,,,,,,,,,,,,,,,,,,,Laminate Flooring,,
,38.25,45.0,54.0,18.0,29.25,40.5,,,,,,,,,,,,,,,,,,,,,,,,Laminate Wood Flooring,,
,38.25,45.0,54.0,18.0,29.25,40.5,,,,,,,,,,,,,,,,,,,,,,,,Mats,,
,38.25,45.0,54.0,18.0,29.25,40.5,,,,,,,,,,,,,,,,,,,,,,,,Mosaic Tile,,
,38.25,45.0,54.0,18.0,29.25,40.5,,,,,,,,,,,,,,,,,,,,,,,,Moulding and Trim,,
,38.25,45.0,54.0,18.0,29.25,40.5,,,,,,,,,,,,,,,,,,,,,,,,Outdoor Carpet,,
,38.25,45.0,54.0,18.0,29.25,40.5,,,,,,,,,,,,,,,,,,,,,,,,Outdoor Rugs,,
,38.25,45.0,54.0,18.0,29.25,40.5,,,,,,,,,,,,,,,,,,,,,,,,Peel and Stick Backsplashes,,
,38.25,45.0,54.0,18.0,29.25,40.5,,,,,,,,,,,,,,,,,,,,,,,,Peel and Stick Vinyl Flooring,,
,38.25,45.0,54.0,18.0,29.25,40.5,,,,,,,,,,,,,,,,,,,,,,,,Porcelain Tile,,
,38.25,45.0,54.0,18.0,29.25,40.5,,,,,,,,,,,,,,,,,,,,,,,,Rugs,,
,38.25,45.0,54.0,18.0,29.25,40.5,,,,,,,,,,,,,,,,,,,,,,,,Runner Rugs,,
,38.25,45.0,54.0,18.0,29.25,40.5,,,,,,,,,,,,,,,,,,,,,,,,Scratch-Resistant Flooring,,
,38.25,45.0,54.0,18.0,29.25,40.5,,,,,,,,,,,,,,,,,,,,,,,,Sheet Vinyl Flooring,,
,38.25,45.0,54.0,18.0,29.25,40.5,,,,,,,,,,,,,,,,,,,,,,,,Shower Tile,,
,38.25,45.0,54.0,18.0,29.25,40.5,,,,,,,,,,,,,,,,,,,,,,,,Slip-Resistant Flooring,,
,38.25,45.0,54.0,18.0,29.25,40.5,,,,,,,,,,,,,,,,,,,,,,,,Solid Hardwood Flooring,,
,38.25,45.0,54.0,18.0,29.25,40.5,,,,,,,,,,,,,,,,,,,,,,,,Stain-Resistant Flooring,,
,38.25,45.0,54.0,18.0,29.25,40.5,,,,,,,,,,,,,,,,,,,,,,,,Subway Tile,,
,38.25,45.0,54.0,18.0,29.25,40.5,,,,,,,,,,,,,,,,,,,,,,,,Subway Tiles Backsplashes,,
,38.25,45.0,54.0,18.0,29.25,40.5,,,,,,,,,,,,,,,,,,,,,,,,Surface Prep,,
,38.25,45.0,54.0,18.0,29.25,40.5,,,,,,,,,,,,,,,,,,,,,,,,Tile Grout,,
,38.25,45.0,54.0,18.0,29.25,40.5,,,,,,,,,,,,,,,,,,,,,,,,Tile Mortar,,
,38.25,45.0,54.0,18.0,29.25,40.5,,,,,,,,,,,,,,,,,,,,,,,,Tile Saws,,
,38.25,45.0,54.0,18.0,29.25,40.5,,,,,,,,,,,,,,,,,,,,,,,,Under Flooring Heating,,
,38.25,45.0,54.0,18.0,29.25,40.5,,,,,,,,,,,,,,,,,,,,,,,,VCT Tile,,
,38.25,45.0,54.0,18.0,29.25,40.5,,,,,,,,,,,,,,,,,,,,,,,,Vinyl Flooring,,
,38.25,45.0,54.0,18.0,29.25,40.5,,,,,,,,,,,,,,,,,,,,,,,,Vinyl Plank Flooring,,
,38.25,45.0,54.0,18.0,29.25,40.5,,,,,,,,,,,,,,,,,,,,,,,,Vinyl Tile,,
,38.25,45.0,54.0,18.0,29.25,40.5,,,,,,,,,,,,,,,,,,,,,,,,Waterproof Flooring,,
,38.25,45.0,54.0,18.0,29.25,40.5,,,,,,,,,,Appearance Boards,,,,,,,,,,,,,,,,
,38.25,45.0,54.0,18.0,29.25,40.5,,,,,,,,,,Dimensional Lumber,,,,,,,,,,,,,,,,
,38.25,45.0,54.0,18.0,29.25,40.5,,,,,,,,,,Framing Lumber,,,,,,,,,,,,,,,,
,38.25,45.0,54.0,18.0,29.25,40.5,,,,,,,,,,Hardwood Plywood,,,,,,,,,,,,,,,,
,38.25,45.0,54.0,18.0,29.25,40.5,,,,,,,,,,Lattice,,,,,,,,,,,,,,,,
,38.25,45.0,54.0,18.0,29.25,40.5,,,,,,,,,,MDF,,,,,,,,,,,,,,,,
,38.25,45.0,54.0,18.0,29.25,40.5,,,,,,,,,,Oriented Strand Board (OSB),,,,,,,,,,,,,,,,
,38.25,45.0,54.0,18.0,29.25,40.5,,,,,,,,,,Pressure Treated Lumber,,,,,,,,,,,,,,,,
,38.25,45.0,54.0,18.0,29.25,40.5,,,,,,,,,,Project Panels,,,,,,,,,,,,,,,,
,38.25,45.0,54.0,18.0,29.25,40.5,,,,,,,,,,PVC Trim Boards,,,,,,,,,,,,,,,,
,38.25,45.0,54.0,18.0,29.25,40.5,,,,,,,,,,Sanded Plywood,,,,,,,,,,,,,,,,
,38.25,45.0,54.0,18.0,29.25,40.5,,,,,,,,,,Sheathing Plywood,,,,,,,,,,,,,,,,
,38.25,45.0,54.0,18.0,29.25,40.5,,,,,,,,,,Shims,,,,,,,,,,,,,,,,
,38.25,45.0,54.0,18.0,29.25,40.5,,,,,,,,,,Shiplap,,,,,,,,,,,,,,,,
,38.25,45.0,54.0,18.0,29.25,40.5,,,,,,,,,,Softwood Boards,,,,,,,,,,,,,,,,
,38.25,45.0,54.0,18.0,29.25,40.5,,,,,,,,,,Studs,,,,,,,,,,,,,,,,
,38.25,45.0,54.0,18.0,29.25,40.5,,,,,,,,,,Timber,,,,,,,,,,,,,,,,
,38.25,45.0,54.0,18.0,29.25,40.5,,,,,,,,,,Tongue and Groove Boards,,,,,,,,,,,,,,,,
,38.25,45.0,54.0,18.0,29.25,40.5,,,,,,,,,,Trusses,,,,,,,,,,,,,,,,
,38.25,45.0,54.0,18.0,29.25,40.5,,,,,,,,,,Wall Paneling,,,,,,,,,,,,,,,,
,38.25,45.0,54.0,18.0,29.25,40.5,,,,,,,,,,Wood Veneer,,,,,,,,,,,,,,,,
,38.25,45.0,54.0,18.0,29.25,40.5,,,,,,,,,,Woodshop Projects,,,,,,,,,,,,,,,,
,38.25,45.0,54.0,18.0,29.25,40.5,,,,,,,,,,Cupolas,,,,,,,,,,,,,,,,
,38.25,45.0,54.0,18.0,29.25,40.5,,,,,,,,,,Flashings,,,,,,,,,,,,,,,,
,38.25,45.0,54.0,18.0,29.25,40.5,,,,,,,,,,Leak Barrier,,,,,,,,,,,,,,,,
,38.25,45.0,54.0,18.0,29.25,40.5,,,,,,,,,,Metal Roofing,,,,,,,,,,,,,,,,
,38.25,45.0,54.0,18.0,29.25,40.5,,,,,,,,,,Ridge Vents,,,,,,,,,,,,,,,,
,38.25,45.0,54.0,18.0,29.25,40.5,,,,,,,,,,Roll Roofing,,,,,,,,,,,,,,,,
,38.25,45.0,54.0,18.0,29.25,40.5,,,,,,,,,,Roof Coatings,,,,,,,,,,,,,,,,
,38.25,45.0,54.0,18.0,29.25,40.5,,,,,,,,,,Roof Panels,,,,,,,,,,,,,,,,
,38.25,45.0,54.0,18.0,29.25,40.5,,,,,,,,,,Roof Seam Tape,,,,,,,,,,,,,,,,
,38.25,45.0,54.0,18.0,29.25,40.5,,,,,,,,,,Roof Shingles,,,,,,,,,,,,,,,,
,38.25,45.0,54.0,18.0,29.25,40.5,,,,,,,,,,Roof Snow Guards,,,,,,,,,,,,,,,,
,38.25,45.0,54.0,18.0,29.25,40.5,,,,,,,,,,Roofing Tools,,,,,,,,,,,,,,,,
,38.25,45.0,54.0,18.0,29.25,40.5,,,,,,,,,,Roofing Underlayment,,,,,,,,,,,,,,,,
,38.25,45.0,54.0,18.0,29.25,40.5,,,,,,,,,,Starter Strip Shingles,,,,,,,,,,,,,,,,
,38.25,45.0,54.0,18.0,29.25,40.5,,,,,,,,,,Underlayment,,,,,,,,,,,,,,,,
,38.25,45.0,54.0,18.0,29.25,40.5,,,,,,,,,,,,,,,,,,,,,,,,,Cantilever Racks,
,38.25,45.0,54.0,18.0,29.25,40.5,,,,,,,,,,,,,,,,,,,,,,,,,Dollies,
,38.25,45.0,54.0,18.0,29.25,40.5,,,,,,,,,,,,,,,,,,,,,,,,,Drum Handling Equipment,
,38.25,45.0,54.0,18.0,29.25,40.5,,,,,,,,,,,,,,,,,,,,,,,,,Eoslift in Lifting Equipment,
,38.25,45.0,54.0,18.0,29.25,40.5,,,,,,,,,,,,,,,,,,,,,,,,,Forklifts,
,38.25,45.0,54.0,18.0,29.25,40.5,,,,,,,,,,,,,,,,,,,,,,,,,Lifting Equipment,
,38.25,45.0,54.0,18.0,29.25,40.5,,,,,,,,,,,,,,,,,,,,,,,,,Loading Dock Equipment,
,38.25,45.0,54.0,18.0,29.25,40.5,,,,,,,,,,,,,,,,,,,,,,,,,Pallet Stands,
,38.25,45.0,54.0,18.0,29.25,40.5,,,,,,,,,,,,,,,,,,,,,,,,,Pallets,
,38.25,45.0,54.0,18.0,29.25,40.5,,,,,,,,,,,,,,,,,,,,,,,,,Platform Trucks,
,38.25,45.0,54.0,18.0,29.25,40.5,,,,,,,,,,,,,,,,,,,,,,,,,Safety and Traffic Control,
,38.25,45.0,54.0,18.0,29.25,40.5,,,,,,,,,,,,,,,,,,,,,,,,,Vestil in Lifting Equipment,
,38.25,45.0,54.0,18.0,29.25,40.5,,,,,,,,,,,,,,,,,,,,,,,,,,Shower Caddies
,38.25,45.0,54.0,18.0,29.25,40.5,,,,,,,,,,,,,,,,,,,,,,,,,,Shower Chairs
,38.25,45.0,54.0,18.0,29.25,40.5,,,,,,,,,,,,,,,,,,,,,,,,,,Shower Filtration Systems
,38.25,45.0,54.0,18.0,29.25,40.5,,,,,,,,,,,,,,,,,,,,,,,,,,Shower Plumbing Parts
,38.25,45.0,54.0,18.0,29.25,40.5,,,,,,,,,,,,,,,,,,,,,,,,,,Steam Shower Generators
,38.25,45.0,54.0,18.0,29.25,40.5,,,,,,,,,,,,,,,,,,,,,,,,,,Tub to Shower Conversion
,38.25,45.0,54.0,18.0,29.25,40.5,,,,,,,,,,,,,,,,,,,,,,,,,,Tub Transfer Benches
,38.25,45.0,54.0,18.0,29.25,40.5,,,,,,,,,,Cabinet Doors,,,,,,,,,,,,,,,,
,38.25,45.0,54.0,18.0,29.25,40.5,,,,,,,,,,Cabinet Handles,,,,,,,,,,,,,,,,
,38.25,45.0,54.0,18.0,29.25,40.5,,,,,,,,,,Corner Cabinets,,,,,,,,,,,,,,,,
,38.25,45.0,54.0,18.0,29.25,40.5,,,,,,,,,,Door Samples,,,,,,,,,,,,,,,,
,38.25,45.0,54.0,18.0,29.25,40.5,,,,,,,,,,Drawer Base Cabinets,,,,,,,,,,,,,,,,
,38.25,45.0,54.0,18.0,29.25,40.5,,,,,,,,,,Medicine Cabinets,,,,,,,,,,,,,,,,
,38.25,45.0,54.0,18.0,29.25,40.5,,,,,,,,,,Outdoor Cabinets,,,,,,,,,,,,,,,,
,38.25,45.0,54.0,18.0,29.25,40.5,,,,,,,,,,Painted Cabinets,,,,,,,,,,,,,,,,
,38.25,45.0,54.0,18.0,29.25,40.5,,,,,,,,,,Sink Base Cabinets,,,,,,,,,,,,,,,,
,38.25,45.0,54.0,18.0,29.25,40.5,,,,,,,,,,Stained Cabinets,,,,,,,,,,,,,,,,
